ID,smiles,method,method_label,init_mode,seed,rank,p_sweet_reencoded,pred_logsw_reencoded,d_ood_reencoded,final_score,sweet_gate_pass,pred_logsw_pass,ood_pass,pre_docking_goldlike,vina_kcal_mol,real_vina_supported,gold_real_vina
A_seed2026_final_top1,CC(C)(C)CNc1ncc(N=CC2CC(c3ccccc3)=NO2)s1,A,Random latent GA,group_a_random,2026,1,0.1932099312543869,3.5578088760375977,6.57772970199585,3.1089817905426025,False,True,True,False,-7.36,True,False
A_seed2026_final_top2,CC=C1C=C2c3cn(c4ccccc34)C(=O)C23N(C1)C(=O)n1c2c(C#N)cccc2c(=O)n13,A,Random latent GA,group_a_random,2026,2,0.6711663007736206,3.509296417236328,7.391994476318359,3.7151479530334472,False,True,False,False,-9.668,True,False
A_seed2026_final_top3,COc1ccc2c3c1N1C4=C5C(=O)N6CC7(C)CCC8(N5CC15N2C(=NCN58)S3)C46C7,A,Random latent GA,group_a_random,2026,3,0.5736827850341797,3.431926727294922,7.483655452728271,3.504766683578491,False,True,False,False,-8.975,True,False
A_seed2026_final_top4,CCCC(CCO)CCN1C(=O)C(C(=O)Nc2c(C)cccc2C)=CC1=NO,A,Random latent GA,group_a_random,2026,4,0.1548434048891067,3.418919801712036,7.441764831542969,2.970139741897583,False,True,False,False,-7.311,True,False
A_seed2026_final_top5,CCc1nn(C)cc1C(=NNc1nc2nc(N(C)C)ncc2s1)N(C)c1ccc(Cl)cc1,A,Random latent GA,group_a_random,2026,5,0.2020138651132583,3.301208019256592,7.093360900878906,2.863825979232788,False,True,True,False,-9.563,True,False
A_seed2026_final_top6,CN1C2C(N3CCN(C(=O)CCN)CC3)C3=C4NC1(C3)C(c1ccco1)N42,A,Random latent GA,group_a_random,2026,6,0.9594875574111938,3.294984817504883,7.832165718078613,3.7378933429718018,True,True,False,False,-7.541,True,False
A_seed2026_final_top7,CN(C(=O)C(=CN)C(C(N)=O)=C(CN)c1cccs1)c1ccc(Br)cc1,A,Random latent GA,group_a_random,2026,7,0.0919078215956687,3.1653506755828857,7.269351005554199,2.6448309421539307,False,True,False,False,-6.675,False,False
A_seed2026_final_top8,N#Cc1ccc(OC2(Cc3ccco3)C=NC(C3CC3)=C2N)cc1,A,Random latent GA,group_a_random,2026,8,0.1333112269639969,3.1649951934814453,6.741538047790527,2.6982998847961426,False,True,True,False,-7.43,True,False
A_seed2026_final_top9,N#Cc1cc2cc(F)c1N(C(=O)NC=NCC1CC1)N2C(=O)c1cccnc1,A,Random latent GA,group_a_random,2026,9,0.9138116240501404,3.12464451789856,6.348336696624756,3.581550359725952,True,True,True,True,-9.792,True,True
A_seed2026_final_top10,C=CCCC(O)=Nc1cc2c(C)nn1c2NC(=O)c1ccc(C)cc1,A,Random latent GA,group_a_random,2026,10,0.008232713676989,3.072230339050293,6.074915885925293,2.382932844161988,False,True,True,False,-7.651,True,False
A_seed2027_final_top1,CCCOc1ccc2c3cn(c2c1)C1(NCC(=O)O1)C3=O,A,Random latent GA,group_a_random,2027,1,0.0007643477292731,3.4728105068206787,6.0474772453308105,2.833804130554199,False,True,True,False,-7.997,True,False
A_seed2027_final_top2,CCCOc1ccc2c(c1)N(C)C1NC(C)C2C1=O,A,Random latent GA,group_a_random,2027,2,0.0162242669612169,3.344172954559326,5.87710428237915,2.725264549255371,False,True,True,False,-6.914,True,False
A_seed2027_final_top3,Clc1ccc(OCCCNC2CCCn3ncnc32)cc1,A,Random latent GA,group_a_random,2027,3,0.126215860247612,3.020185232162476,5.907146453857422,2.5442657470703125,False,True,True,False,-6.793,False,False
A_seed2027_final_top4,CN1CCCOC12Cc1cn2c2cc(O)ccc12,A,Random latent GA,group_a_random,2027,4,0.6568564176559448,2.7960128784179688,5.854421615600586,3.0099263191223145,False,True,True,False,-7.163,True,False
A_seed2027_final_top5,O=C1c2cn(c3cc(Cl)ccc23)C12NCCCO2,A,Random latent GA,group_a_random,2027,5,0.9674147367477416,2.758729934692383,5.801705837249756,3.2424373626708984,True,True,True,True,-7.798,True,True
A_seed2027_final_top6,CCCOc1ccc2c3cn(c2c1)C(NCC)C3=O,A,Random latent GA,group_a_random,2027,6,0.8845196962356567,2.622187852859497,5.904892921447754,3.0644476413726807,True,True,True,True,-6.602,False,False
A_seed2027_final_top7,CCCOc1ccc2c(c1)N1C=CN3C(C)C2CC13,A,Random latent GA,group_a_random,2027,7,0.0054726633243262,2.5321977138519287,5.593840599060059,1.8093121385574344,False,False,True,False,-6.998,True,False
A_seed2027_final_top8,CCCOc1ccc2c(c1)N1C3CC(C2N3)C1O,A,Random latent GA,group_a_random,2027,8,0.2763805389404297,2.501159429550171,5.978798389434815,2.220454216003418,False,False,True,False,-6.744,False,False
A_seed2027_final_top9,CCN1CCCOC12C(=O)c1cn2c2ccccc12,A,Random latent GA,group_a_random,2027,9,0.0032559295650571,2.476680040359497,5.107882022857666,1.7509125804901124,False,False,True,False,-7.166,True,False
A_seed2027_final_top10,CCC1COc2cc3c4cn(c3cc2O1)C(N)C4=O,A,Random latent GA,group_a_random,2027,10,0.0108488891273736,2.448939085006714,6.314968585968018,1.823042631149292,False,False,True,False,-6.716,False,False
A_seed2028_final_top1,COc1ccoc1C=C1C2C3CCC24c2ccccc2ON4C1S3(=O)=O,A,Random latent GA,group_a_random,2028,1,0.0027008834294974,3.7145395278930655,6.033742427825928,3.0780506134033203,False,True,True,False,-9.479,True,False
A_seed2028_final_top2,COc1ccccc1C12CCC3(C1)OCN(S(C)(=O)=O)C3N2,A,Random latent GA,group_a_random,2028,2,0.5159677863121033,3.212880849838257,5.542065620422363,3.2436389923095703,False,True,True,False,-8.293,True,False
A_seed2028_final_top3,COc1ccccc1C12C3C4C5C6OC3(CN61)CC2(N5CS)S4(=O)=O,A,Random latent GA,group_a_random,2028,3,0.995563268661499,2.9220635890960693,7.912786960601807,3.35748384475708,True,True,False,False,-7.528,True,False
A_seed2028_final_top4,COc1ccccc1C12CC3OCN(C3N1)S(=O)(=O)C2,A,Random latent GA,group_a_random,2028,4,0.0415318235754966,2.7913217544555664,6.780557155609131,2.205313205718994,False,True,True,False,-7.615,True,False
A_seed2028_final_top5,COc1ccccc1C12CC3C(CC1C3S(=O)(=O)c1ccc(NC(=O)C(C)=C(N)O)cc1)N2,A,Random latent GA,group_a_random,2028,5,0.0578173846006393,2.764014482498169,7.12738037109375,2.199177026748657,False,True,True,False,-8.408,True,False
A_seed2028_final_top6,COc1ccccc1C1C2CS(=O)(=O)C3C2OCN13,A,Random latent GA,group_a_random,2028,6,0.7174022793769836,2.735815048217773,6.324028491973877,3.028438091278076,False,True,True,False,-7.161,True,False
A_seed2028_final_top7,COc1ccccc1C12C3CS(=O)(=O)C1CC31CN2S(=O)(=O)O1,A,Random latent GA,group_a_random,2028,7,0.009477624669671,2.6499722003936768,6.786513328552246,2.0222930908203125,False,True,True,False,-8.852,True,False
A_seed2028_final_top8,COc1ccccc1C12CCC3C(N1)N1C(O)C32CS1(=O)=O,A,Random latent GA,group_a_random,2028,8,0.9312247037887572,2.638659715652466,6.486084938049316,3.1042721271514893,True,True,True,True,-8.244,True,True
A_seed2028_final_top9,COc1ccccc1C12CC3CS(=O)(=O)N4COC3(C1)C4N2,A,Random latent GA,group_a_random,2028,9,0.1818824708461761,2.3895721435546875,6.202304363250732,1.986019253730774,False,False,True,False,-7.97,True,False
A_seed2028_final_top10,COc1ccccc1C12NC3NC4C(=O)OC35CC41S(=O)(=O)CC52,A,Random latent GA,group_a_random,2028,10,0.9809360504150392,2.378978967666626,7.169222354888916,2.849446992874145,True,False,True,False,-8.394,True,False
A_seed2029_final_top1,CCOc1ccc2c(c1)OC(C(=O)O)=C(C(c1ccc(OC)cc1)n1c(=O)c3sc1nc3C)C2,A,Random latent GA,group_a_random,2029,1,0.9501385688781738,3.2500507831573486,7.390531063079834,3.658555450439453,True,True,False,False,-8.531,True,False
A_seed2029_final_top2,CCOc1ccc2c(c1)OC(C(=O)n1c(=O)c3sc1nc3C)=C(C(=O)c1ccc(OC)cc1)C2,A,Random latent GA,group_a_random,2029,2,0.9898281097412108,3.2465782165527344,7.753506660461426,3.65004843711853,True,True,False,False,-9.16,True,False
A_seed2029_final_top3,COC(CCNN=Cc1nc2[nH]c(=O)c1s2)OCC(=O)O,A,Random latent GA,group_a_random,2029,3,0.9250798225402832,3.186290740966797,6.204179286956787,3.6488306522369385,True,True,True,True,-5.76,False,False
A_seed2029_final_top4,COc1ccc(C(=O)C2=C(C(=O)n3c(=O)c4sc3nc4C)Oc3cc(OC(C)=NN)ccc3C2)cc1,A,Random latent GA,group_a_random,2029,4,0.9999059438705444,3.076986074447632,7.693098545074463,3.549635887145996,True,True,False,False,-9.652,True,False
A_seed2029_final_top5,CC1=NC(=CC(=O)N(CC(=O)NN)N=C(C(N)=O)c2ccc(OCC(=O)O)cc2)CN1,A,Random latent GA,group_a_random,2029,5,0.9987599849700928,3.0681750774383545,7.500199794769287,3.553473472595215,True,True,False,False,-8.865,True,False
A_seed2029_final_top6,COC(=O)C=C(C)N=CN1C(=O)n2[nH]c(=O)c(c2=CC=C(C)C(C)=O)=C1N,A,Random latent GA,group_a_random,2029,6,0.9863411784172058,3.0514369010925293,6.000625133514404,3.544607400894165,True,True,True,True,-7.721,True,True
A_seed2029_final_top7,CCOC(OCC(=O)c1cccs1)c1nc2[nH]c(=O)c1s2,A,Random latent GA,group_a_random,2029,7,0.2884723246097564,2.988865852355957,6.9064621925354,2.723879814147949,False,True,True,False,-6.564,False,False
A_seed2029_final_top8,CCOc1ccc2c(C(=C(C)N)C(c3ccc(OC)cc3)n3c(=O)c4sc3nc4C)c(C(=O)O)oc2c1,A,Random latent GA,group_a_random,2029,8,0.0628844127058982,2.96250057220459,7.0892181396484375,2.344250144958496,False,True,True,False,-7.809,True,False
A_seed2029_final_top9,Cc1nc2sc1c(=O)n2C(=O)COc1nc2cnc1o2,A,Random latent GA,group_a_random,2029,9,0.0020191224757581,2.951770782470703,6.818154335021973,2.3143954277038574,False,True,True,False,-7.031,True,False
A_seed2029_final_top10,CCNC1C(C(c2ccc(OC)cc2)n2c(=O)c3sc2nc3C)=C(C(=O)O)Oc2cc(OCC)ccc21,A,Random latent GA,group_a_random,2029,10,0.174896240234375,2.934911012649536,8.009876251220703,2.413260164260864,False,True,False,False,-7.835,True,False
A_seed2030_final_top1,CN1C2C3=C4C5=CCN4C(=O)C34C3CN5C14CN23,A,Random latent GA,group_a_random,2030,1,0.1680153310298919,3.807672023773194,5.984057903289795,3.276091947555542,False,True,True,False,-7.897,True,False
A_seed2030_final_top2,COc1ccc2c(c1)OC1=CC3=C(C)N4CC(N3)N1C24,A,Random latent GA,group_a_random,2030,2,0.7466433048248291,3.6176702976226807,5.8173418045043945,3.948306798934937,False,True,True,False,-7.724,True,False
A_seed2030_final_top3,CN1C(=O)C23C(=O)N(C)C14CN2C(=O)C(c1csc(N)n1)N34,A,Random latent GA,group_a_random,2030,3,0.9878536462783812,3.594949245452881,6.881726264953613,4.088876247406006,True,True,True,True,-8.1,True,True
A_seed2030_final_top4,CN1C2Sc3cc4ccc3C1(N4)Oc1cc(O)ccc12,A,Random latent GA,group_a_random,2030,4,0.0013568359427154,3.36246109008789,5.955585479736328,2.724224805831909,False,True,True,False,-7.865,True,False
A_seed2030_final_top5,CNC1C(=O)C23CC4c5ccc6cc5OC2(C(=O)N1NC3=O)N64,A,Random latent GA,group_a_random,2030,5,0.0188024695962667,3.3319015502929688,6.687583923339844,2.6963448333740234,False,True,True,False,-9.553,True,False
A_seed2030_final_top6,CC1=C(C)NC2(Cc3ccc(O)cc3OC2S(C)(=O)=O)C(=O)N1,A,Random latent GA,group_a_random,2030,6,0.2698176801204681,3.3260843753814697,6.001492500305176,3.0368473529815674,False,True,True,False,-7.549,True,False
A_seed2030_final_top7,CC1=C2C=CN3Cc4ccc(O)cc4OC34CN1C(C)N24,A,Random latent GA,group_a_random,2030,7,0.0582398809492588,3.3198931217193604,5.832036018371582,2.755604982376098,False,True,True,False,-7.502,True,False
A_seed2030_final_top8,CC=C1C=C2C(C(=O)N1)C1CN3c4ccnc(c4)C23N1CO,A,Random latent GA,group_a_random,2030,8,0.2591516971588135,3.27608323097229,6.302680015563965,2.972980499267578,False,True,True,False,-7.583,True,False
A_seed2030_final_top9,CC=C1N=C2C3=CN4C1=C1N2C42C4CC(=O)N2NC(=O)C314,A,Random latent GA,group_a_random,2030,9,0.0451228097081184,3.2410824298858643,6.9197869300842285,2.639741878509521,False,True,True,False,-9.044,True,False
A_seed2030_final_top10,CC=C1N=CN2C(C)=C(C)N3CC(O)C(C)OC123,A,Random latent GA,group_a_random,2030,10,0.9641112685203552,3.187906265258789,7.342057704925537,3.666719913482666,True,True,False,False,-7.247,True,False
B_seed2026_final_top1,Cc1nc2nn1C13CC(C)(C)C4(OC(=O)CC4C(=O)N1)N3C2,B,SweetDB-seeded GA,group_b_dataset,2026,1,0.004589223768562,3.5642871856689453,6.107247352600098,2.930253028869629,False,True,True,False,-8.17,True,False
B_seed2026_final_top2,CCCCC1C(=O)N2C(C)c3ccc(o3)C2N1C(=O)CCC(=O)O,B,SweetDB-seeded GA,group_b_dataset,2026,2,0.9673831462860109,3.163259744644165,6.303479194641113,3.646951198577881,True,True,True,True,-7.591,True,True
B_seed2026_final_top3,NC(=O)CCC(=O)Oc1cccc(C(=O)NC2CCn3c4nc5ccc(cc53)C42)c1Cl,B,SweetDB-seeded GA,group_b_dataset,2026,3,0.9795589447021484,2.9423067569732666,6.369262218475342,3.432086229324341,True,True,True,True,-8.564,True,True
B_seed2026_final_top4,COC(=O)C12SC(C(=O)O)C3C(=O)N1C1CC(C)(C)CC(=C2c2ccccc2)N31,B,SweetDB-seeded GA,group_b_dataset,2026,4,0.0513534732162952,2.901816129684448,7.044070243835449,2.328575611114502,False,True,True,False,-7.692,True,False
B_seed2026_final_top5,CC1(C)C2C3N4CCN2C(=O)C4(CC(=O)O)C12Sc1ccccc1N32,B,SweetDB-seeded GA,group_b_dataset,2026,5,0.2384048402309417,2.868110656738281,6.70380163192749,2.518036823272705,False,True,True,False,-8.629,True,False
B_seed2026_final_top6,O=C(O)CC1C(=O)N2C(c3ccccc3)C3C4CC25N2CC4N4C2CC(N5C(=O)c2ccccc2)C134,B,SweetDB-seeded GA,group_b_dataset,2026,6,0.8921789526939392,2.8384265899658203,8.529542922973633,3.179881076812744,True,True,False,False,-10.224,True,False
B_seed2026_final_top7,CC1c2c3ccc(Oc4ccccc4)c2N2C(=O)C(CC(=O)O)N1C32,B,SweetDB-seeded GA,group_b_dataset,2026,7,0.0598981454968452,2.7325072288513184,6.834346771240234,2.170374870300293,False,True,True,False,-8.344,True,False
B_seed2026_final_top8,COC(=O)C1(Cc2ccccc2)N2C(=O)C34C(C(=O)O)C5NC(C(=O)N13)C21CC(C)(C)C5(C)N14,B,SweetDB-seeded GA,group_b_dataset,2026,8,0.9907551407814026,2.699852466583252,8.850533485412598,3.0685934829711914,True,True,False,False,-9.103,True,False
B_seed2026_final_top9,COC(=O)C1C(c2ccc(O)cc2)=C2CC(C)(C)CC3N2C(CC(=O)O)C(=O)N13,B,SweetDB-seeded GA,group_b_dataset,2026,9,0.9234642386436462,2.584451198577881,6.610795021057129,3.0461833477020264,True,False,True,False,-7.867,True,False
B_seed2026_final_top10,COC(=O)C(Cc1ccc(Cl)cc1)N1C(=O)C(CC(=O)O)N2C1CC(C)(C)C2C,B,SweetDB-seeded GA,group_b_dataset,2026,10,0.9967831373214722,2.572613000869751,6.842453956604004,3.071004629135132,True,False,True,False,-8.232,True,False
B_seed2027_final_top1,COc1ccccc1N=C(CN1C(=O)CSC1=O)SCc1cc2ccc1n2N,B,SweetDB-seeded GA,group_b_dataset,2027,1,0.229287102818489,4.060472965240479,6.9294843673706055,3.718546152114868,False,True,True,False,-7.337,True,False
B_seed2027_final_top2,CC=C(C=CN(C)C)NC(=O)c1cc(BO)c2c3ccn4c1c2oc(=O)c34,B,SweetDB-seeded GA,group_b_dataset,2027,2,0.9768484830856324,3.81019139289856,6.499191284179688,4.298615455627441,True,True,True,True,,False,False
B_seed2027_final_top3,CN(c1cc2[nH]c1cc2F)C(CC(=O)O)C(=O)n1c2cc(B(O)c3c[nH]cn3)c1cc2Cl,B,SweetDB-seeded GA,group_b_dataset,2027,3,0.6659772396087646,3.5058705806732178,7.160590171813965,3.7316408157348633,False,True,True,False,,False,False
B_seed2027_final_top4,CN(C)C1=C2C=C(Cl)C(=C1)C2(CC(C)(C)C)N1CSC(=Nc2ccccc2)C1,B,SweetDB-seeded GA,group_b_dataset,2027,4,0.1353015154600143,3.3823471069335938,6.410536766052246,2.7682391166687013,False,True,True,False,-6.853,True,False
B_seed2027_final_top5,Cc1cc(Sc2ccc(C(=O)OCC(C)C)cc2)n(CC(=O)Oc2ccc(Cl)cc2Cl)c1C,B,SweetDB-seeded GA,group_b_dataset,2027,5,0.9648182988166808,3.3579843044281006,6.896540641784668,3.780393543243408,True,True,True,True,-7.517,True,True
B_seed2027_final_top6,O=C1CC(C(=O)N2C3=C=C(n4ccnc4)C(=O)C3=CC=C2C(O)C(O)C(O)CO)CN1,B,SweetDB-seeded GA,group_b_dataset,2027,6,0.4915693998336792,3.345707416534424,7.449431419372559,3.334146022796631,False,True,False,False,-9.057,True,False
B_seed2027_final_top7,CC=C(C)N1C(=O)C2SCC(=O)N(C2N2C(=O)CSC2=O)C1(CC=O)c1cccc(OC)c1,B,SweetDB-seeded GA,group_b_dataset,2027,7,0.4044519364833832,3.3276402950286865,7.155301094055176,3.213427782058716,False,True,True,False,-7.741,True,False
B_seed2027_final_top8,CC(C)=CC=CN1C23OC(=O)C14C(C)C(=O)N2C4(C)c1cc3cc(C=O)c1Cl,B,SweetDB-seeded GA,group_b_dataset,2027,8,0.9179667830467224,3.25299334526062,6.991572380065918,3.711976766586304,True,True,True,True,-9.422,True,True
B_seed2027_final_top9,COC12C(O)C(O)(N3C(=O)CSC3=O)C34NC(=O)N1N3C(=O)C(=O)N24,B,SweetDB-seeded GA,group_b_dataset,2027,9,0.9900375604629515,3.230876445770264,5.963615417480469,3.665895166397095,True,True,True,True,-8.786,True,True
B_seed2027_final_top10,CC=C(C)N1C(=O)c2nn(-c3ccccc3)c(C(=O)OC)c2S1(=O)=O,B,SweetDB-seeded GA,group_b_dataset,2027,10,0.6113545298576355,2.965627431869507,6.704503059387207,3.1203882694244385,False,True,True,False,-7.713,True,False
B_seed2028_final_top1,CC1=C2C(=O)N3C45C6CC7(OC8NC37C6C(=O)N84)C(=CC2=C2COP3(=O)COC2O3)N15,B,SweetDB-seeded GA,group_b_dataset,2028,1,0.9894932508468628,3.710266590118408,7.586612701416016,4.165009002685547,True,True,False,False,-10.994,True,False
B_seed2028_final_top2,COP(=O)(O)C=C1CN2C(=O)C3=CN1CC2(c1ccc(Cl)cc1)N3,B,SweetDB-seeded GA,group_b_dataset,2028,2,0.9967304468154908,3.555516242980957,6.712001800537109,4.053881645202637,True,True,True,True,-7.948,True,True
B_seed2028_final_top3,CC1=CC(Cl)=P(OCP(=O)(O)O)(C23CC4NC(=N2)CN4C3)OC1,B,SweetDB-seeded GA,group_b_dataset,2028,3,0.902191996574402,3.5191521644592285,7.01793909072876,3.970248222351074,True,True,True,True,-7.199,True,True
B_seed2028_final_top4,COC1(C(=O)Nc2ccc(P(=O)(O)O)cc2)C2C34NC1C(Cl)(N3C)C2(O)CO4,B,SweetDB-seeded GA,group_b_dataset,2028,4,0.9869884252548218,3.501821279525757,7.283534049987793,3.995315551757813,True,True,False,False,-7.862,True,False
B_seed2028_final_top5,O=C1N2CN3C4=C5C2=COC4=C2SC5N1C31Sc3cccc4[nH]c(=O)c(=O)n(c34)C21,B,SweetDB-seeded GA,group_b_dataset,2028,5,0.9965824484825134,3.4931869506835938,8.365644454956055,3.898076992034912,True,True,False,False,-9.679,True,False
B_seed2028_final_top6,COC(OC)C(=Nn1c(=O)n2cc1c(N(C)C)c2C)N(N)c1ccccc1,B,SweetDB-seeded GA,group_b_dataset,2028,6,0.7898765802383423,3.3510215282440186,7.484070777893066,3.7248849868774414,False,True,False,False,-7.064,True,False
B_seed2028_final_top7,CNCC1CC(=O)N2C3=NN=C(OP(=O)(O)O)C2(c2ccc(Cl)c(OC)c2)N1C3,B,SweetDB-seeded GA,group_b_dataset,2028,7,0.9989263415336608,3.3490002155303955,7.326381683349609,3.846295833587648,True,True,False,False,-8.355,True,False
B_seed2028_final_top8,O=C1C2CC3(CNC(C3)N2)N1CCC1(Cl)OCP(=O)(O)O1,B,SweetDB-seeded GA,group_b_dataset,2028,8,0.7242740988731384,3.3052589893341064,6.939890861511231,3.6068153381347656,False,True,True,False,-7.332,True,False
B_seed2028_final_top9,CCCNC(=O)C12CC3(CCNC3)OC(=O)C13OP(=O)(COC3Cl)O2,B,SweetDB-seeded GA,group_b_dataset,2028,9,0.8494310975074768,3.2408907413482666,6.603499412536621,3.6656062602996826,True,True,True,True,-7.998,True,True
B_seed2028_final_top10,COc1cc2c(cc1OC(C)=O)N1CC3C4COC56CN7C(=N2)C41C51OP(=O)(O6)OC371,B,SweetDB-seeded GA,group_b_dataset,2028,10,0.6591337323188782,3.150700330734253,9.01681137084961,3.229540567398072,False,True,False,False,-10.161,True,False
B_seed2029_final_top1,CC(=O)Oc1c2cc3c4c1N1C(=O)C56C(N4C)C1(CN25)C(=O)N36,B,SweetDB-seeded GA,group_b_dataset,2029,1,0.1594343483448028,3.256266593933105,6.83455753326416,2.803531150817871,False,True,True,False,-8.233,True,False
B_seed2029_final_top2,NC(=O)C1=C2SC3=NN2C2(O)N(CC(O)C12C(=O)O)C3=O,B,SweetDB-seeded GA,group_b_dataset,2029,2,0.0045690038241446,2.9083735942840576,5.081131935119629,2.21431321144104,False,True,True,False,-6.768,False,False
B_seed2029_final_top3,CC(=O)C1CC(Nc2ccccc2Cl)(C(=O)O)CC1=O,B,SweetDB-seeded GA,group_b_dataset,2029,3,0.0184451937675476,2.8197221755981445,6.507185459136963,2.2037007808685303,False,True,True,False,-7.475,True,False
B_seed2029_final_top4,COC1=CC=C2C=C3C(=O)C14CC3C(=O)N24,B,SweetDB-seeded GA,group_b_dataset,2029,4,0.0004713805974461,2.7646284103393555,5.344491004943848,2.125241279602051,False,True,True,False,-7.194,True,False
B_seed2029_final_top5,CCC(O)(CNC(=O)CCC(=O)O)CNC(=O)c1ccc(Cl)cc1O,B,SweetDB-seeded GA,group_b_dataset,2029,5,0.9943488240242004,2.654895782470703,5.874006271362305,3.1520702838897705,True,True,True,True,-7.499,True,True
B_seed2029_final_top6,COc1cc2c3c(n1)N1CC4(C)C(=O)N3C1(CC(=O)O)C(=O)N24,B,SweetDB-seeded GA,group_b_dataset,2029,6,0.0481461025774478,2.6519789695739746,6.604916572570801,2.0545689868927,False,True,True,False,-7.6,True,False
B_seed2029_final_top7,CNC1NC(SCCOC)=NC(=O)C1Sc1ccccn1,B,SweetDB-seeded GA,group_b_dataset,2029,7,0.984459400177002,2.5907628536224365,5.905148506164551,3.082992553710937,True,False,True,False,-6.468,False,False
B_seed2029_final_top8,CC12C(=O)N3CC14OC(CO)N2C(=O)C3C4C(=O)O,B,SweetDB-seeded GA,group_b_dataset,2029,8,0.0138336531817913,2.558917284011841,5.089786529541016,1.9369008541107176,False,False,True,False,-7.905,True,False
B_seed2029_final_top9,COCC12C(=O)N3C4C(=O)N1C3C1OC3CC1C2(NC3=O)C4C(=O)O,B,SweetDB-seeded GA,group_b_dataset,2029,9,0.0022371525410562,2.554105758666992,6.437488555908203,1.897014122009277,False,False,True,False,-8.837,True,False
B_seed2029_final_top10,CCOC1(N(C)C(=O)C=Cc2ccc(C)o2)CCN(C(N)=O)CC1,B,SweetDB-seeded GA,group_b_dataset,2029,10,0.4881725013256073,2.549206256866455,6.462514400482178,2.543830394744873,False,False,True,False,-7.35,True,False
B_seed2030_final_top1,CCN=NN1C2=Cc3c4ccn3C1(C(=O)O2)N4C,B,SweetDB-seeded GA,group_b_dataset,2030,1,0.1258190423250198,4.06907320022583,6.181112289428711,3.5926380157470703,False,True,True,False,-7.183,True,False
B_seed2030_final_top2,CC(N)S(=O)(=O)N(C)C12C(=O)OC(=Cc3cccn31)N2N,B,SweetDB-seeded GA,group_b_dataset,2030,2,0.5007051825523376,3.979469060897827,6.345559597015381,3.9903857707977295,False,True,True,False,-7.031,True,False
B_seed2030_final_top3,CCN1C2=C3OC(=O)C45N2N=CN4c2cc1n5c23,B,SweetDB-seeded GA,group_b_dataset,2030,3,0.9418442249298096,3.771307468414306,6.225666999816895,4.222229461669922,True,True,True,True,-6.965,True,True
B_seed2030_final_top4,CCN1Cn2c3=c1-c1=c4oc(=O)c2=n-n-4-c-3=c-o-1,B,SweetDB-seeded GA,group_b_dataset,2030,4,0.0084398305043578,3.490323543548584,6.138440132141113,2.861295461654663,False,True,True,False,-6.733,False,False
B_seed2030_final_top5,CC=C1C=C2OC(=O)C3(N(C)CC)N1C=NN23,B,SweetDB-seeded GA,group_b_dataset,2030,5,0.4357676804065704,3.45918083190918,5.560675621032715,3.385678768157959,False,True,True,False,-5.989,False,False
B_seed2030_final_top6,CCNC12C(=O)OC3=CC(=C(C)NC)N1C=NN32,B,SweetDB-seeded GA,group_b_dataset,2030,6,0.1287915855646133,3.274858236312866,6.502767086029053,2.802287340164185,False,True,True,False,-6.257,False,False
B_seed2030_final_top7,CCN1CN2C3=NN4C(=CO)C=C1C2=C4OC3=O,B,SweetDB-seeded GA,group_b_dataset,2030,7,0.114075593650341,3.1419882774353027,5.75029182434082,2.650286674499512,False,True,True,False,-7.08,True,False
B_seed2030_final_top8,CCN1C=NN2C3=Cc4cccn4C12C(=O)O3,B,SweetDB-seeded GA,group_b_dataset,2030,8,0.0594929978251457,3.090665817260742,6.068679332733154,2.528006792068481,False,True,True,False,-6.645,False,False
B_seed2030_final_top9,CCN1C2=C3C(=C4OC(=O)C15N3C=NN45)OC=C2,B,SweetDB-seeded GA,group_b_dataset,2030,9,0.0135777238756418,3.076279878616333,6.4748711585998535,2.453930854797364,False,True,True,False,-7.006,True,False
B_seed2030_final_top10,CCC(CC)(CC1N2C(=O)CCC2C2NC=C(C=O)N21)c1ccccn1,B,SweetDB-seeded GA,group_b_dataset,2030,10,0.0712914988398552,3.0216660499572754,6.777246952056885,2.4743449687957764,False,True,True,False,-7.301,True,False
C_seed2026_final_top1,COC(=O)C(Cc1ccccc1)N1C(=O)C(CC(=O)O)NC1CC(C)(C)C,C,LLM-initialized GA,group_c_llm,2026,1,0.9995546936988832,3.215105533599853,4.549036026000977,3.7148828506469727,True,True,True,True,-6.926,True,True
C_seed2026_final_top2,COC(=O)C(Cc1ccccc1)(Cc1ccc(Cl)cc1)N1CC(C=O)CC1=O,C,LLM-initialized GA,group_c_llm,2026,2,0.9993170499801636,3.1343889236450195,6.642022609710693,3.634047508239746,True,True,True,True,-7.032,True,True
C_seed2026_final_top3,COC(=O)C(Cc1ccccc1)N1C(=O)C(CC(=O)O)NCC1C(C)(C)C,C,LLM-initialized GA,group_c_llm,2026,3,0.9997814297676086,3.05053448677063,5.600202083587647,3.5504252910614014,True,True,True,True,-7.223,True,True
C_seed2026_final_top4,COC(=O)C(Cc1ccccc1)N(CCC(C)(C)C)C(=O)CCC(=O)O,C,LLM-initialized GA,group_c_llm,2026,4,0.9999549388885498,2.995867729187012,5.661150932312012,3.495845317840576,True,True,True,True,-7.156,True,True
C_seed2026_final_top5,CCSC1=NC(=O)C2(CCCCC2)N1Cc1cc(OC)ccc1OC,C,LLM-initialized GA,group_c_llm,2026,5,0.9010102152824402,2.8882339000701904,6.771153926849365,3.278738918304444,True,True,True,True,-7.756,True,True
C_seed2026_final_top6,COC(=O)C1(Cc2ccccc2)NC(=O)C(CC(=O)O)N1C(=O)C(N)CC(=O)O,C,LLM-initialized GA,group_c_llm,2026,6,0.9999810457229614,2.870147466659546,5.496960639953613,3.370137929916382,True,True,True,True,-7.213,True,True
C_seed2026_final_top7,COC(=O)C12NC(=O)C3(C(C(=O)O)N4C(=O)N3C1c1ccccc14)N2C(=O)C(N)CC(=O)O,C,LLM-initialized GA,group_c_llm,2026,7,0.9999078512191772,2.588034152984619,6.636876106262207,3.0879881381988525,True,False,True,False,-7.215,True,False
C_seed2026_final_top8,COC(=O)C(Cc1ccccc1)C(CNCc1cccnc1)N1CCOCC1,C,LLM-initialized GA,group_c_llm,2026,8,0.9999536275863647,2.48832631111145,6.198969841003418,2.9883031845092773,True,False,True,False,-7.665,True,False
C_seed2026_final_top9,COC(=O)C(Cc1ccccc1)N(C(=O)C(N)CC(=O)O)C(C)C(C)(C)C,C,LLM-initialized GA,group_c_llm,2026,9,0.9988448619842528,1.846643090248108,6.549342155456543,2.3460655212402344,True,False,True,False,-7.414,True,False
C_seed2026_final_top10,CC(NCc1cccnc1)C(C)(C)C,C,LLM-initialized GA,group_c_llm,2026,10,0.0078734951093792,1.8215631246566768,6.050025463104248,1.0117986869812012,False,False,True,False,-5.667,False,False
C_seed2027_final_top1,COC(=O)C(Cc1ccccc1)N1CN2CC(=N1)c1ccccc12,C,LLM-initialized GA,group_c_llm,2027,1,0.9988716244697572,2.9156243801116943,6.059618949890137,3.41506028175354,True,True,True,True,-7.99,True,True
C_seed2027_final_top2,COC(=O)C1C(c2ccccc2)C(=O)C2(C)C(C(=O)O)CC(=O)N12,C,LLM-initialized GA,group_c_llm,2027,2,0.9903222918510436,2.8537070751190186,5.849751949310303,3.348868131637573,True,True,True,True,-7.622,True,True
C_seed2027_final_top3,COC(=O)CC(c1ccccc1)S(=O)(=O)c1ccc(N2CCOCC2)cc1,C,LLM-initialized GA,group_c_llm,2027,3,0.9997097849845886,2.77066969871521,5.23062801361084,3.270524501800537,True,True,True,True,-7.673,True,True
C_seed2027_final_top4,COC(=O)C1C(c2ccccc2)C(=O)C(C(C)C)N1CCC(C)(C)C,C,LLM-initialized GA,group_c_llm,2027,4,0.4387106001377105,2.723008632659912,6.156285285949707,2.593332471847534,False,True,True,False,-6.983,True,False
C_seed2027_final_top5,COC(=O)C(Cc1ccccc1)N1CC2c3ccccc3N(C(=O)c3cn[nH]c3N)C2C1=O,C,LLM-initialized GA,group_c_llm,2027,5,0.998224437236786,2.6807401180267334,6.812882900238037,3.179852247238159,True,True,True,True,-8.834,True,True
C_seed2027_final_top6,COC(=O)C(Cc1ccccc1)=C1CN(C(C)=O)C(C)(c2ccccc2)N1,C,LLM-initialized GA,group_c_llm,2027,6,0.9971184730529784,2.6528358459472656,6.414295196533203,3.151395082473755,True,True,True,True,-8.054,True,True
C_seed2027_final_top7,COC(=O)C12NC(=O)C3C(C(=O)O)N(C(=O)N31)C2c1ccccc1,C,LLM-initialized GA,group_c_llm,2027,7,0.9998292922973632,2.62719464302063,5.711304664611816,3.1271092891693115,True,True,True,True,-7.957,True,True
C_seed2027_final_top8,COC(=O)C(Cc1ccccc1)C1C2CC(C)CN1c1ccccc12,C,LLM-initialized GA,group_c_llm,2027,8,0.2301626652479171,2.4962172508239746,6.256267070770264,2.005428647994995,False,False,True,False,-7.647,True,False
C_seed2027_final_top9,c1cncc(-c2nc3ccccc3[nH]2)c1,C,LLM-initialized GA,group_c_llm,2027,9,0.0999650731682777,2.475987911224365,5.859248638153076,1.9659425020217896,False,False,True,False,-7.046,True,False
C_seed2027_final_top10,COC(=O)C(Cc1ccccc1)=C1NN=C2CN1c1ccccc12,C,LLM-initialized GA,group_c_llm,2027,10,0.032954316586256,2.4434845447540283,6.576083183288574,1.846325159072876,False,False,True,False,-8.006,True,False
C_seed2028_final_top1,COC(=O)C(Cc1ccccc1)N1C(=O)C(CC(=O)O)NC1CC(C)(C)C,C,LLM-initialized GA,group_c_llm,2028,1,0.9995546936988832,3.215105533599853,4.549036026000977,3.7148828506469727,True,True,True,True,-6.926,True,True
C_seed2028_final_top2,COC(=O)C(Cc1ccccc1)N(CCc1ccccc1)C(=O)CCC(=O)O,C,LLM-initialized GA,group_c_llm,2028,2,0.9998629093170166,3.133641242980957,5.794636249542236,3.633572578430176,True,True,True,True,-8.073,True,True
C_seed2028_final_top3,CCCCC(c1ccccc1)N(C(=O)CCC(=O)O)C(Cc1ccccc1)C(=O)OC,C,LLM-initialized GA,group_c_llm,2028,3,0.9997342228889464,3.0224545001983643,5.765937805175781,3.4623217010498046,True,True,True,True,-7.549,True,True
C_seed2028_final_top4,COC(=O)C1(Cc2ccccc2)NC(=O)C(CC(=O)O)N1C(=O)C(N)CC(=O)O,C,LLM-initialized GA,group_c_llm,2028,4,0.9999810457229614,2.870147466659546,5.496960639953613,3.370137929916382,True,True,True,True,-7.213,True,True
C_seed2028_final_top5,COC(=O)C(Cc1ccccc1)=C1NCC(c2ccccc2)=NN1,C,LLM-initialized GA,group_c_llm,2028,5,0.6036158204078674,2.735063076019287,5.936101913452148,2.879763603210449,False,True,True,False,-7.893,True,False
C_seed2028_final_top6,COC(=O)C(Cc1ccccc1)NC(=O)CCC(=O)Oc1ncccc1CN,C,LLM-initialized GA,group_c_llm,2028,6,0.9999533891677856,2.2400431632995605,5.1471710205078125,2.7400197982788086,True,False,True,False,-7.388,True,False
C_seed2028_final_top7,COC(=O)C(Cc1ccccc1)N(C(=O)C(N)CC(=O)O)C(C)C(C)(C)C,C,LLM-initialized GA,group_c_llm,2028,7,0.9997956156730652,1.970450639724732,6.916562080383301,2.470348358154297,True,False,True,False,-7.414,True,False
C_seed2028_final_top8,COC(=O)C(Cc1ccccc1)N1C(=O)C(CC(=O)O)NC12CC(C)(O)CO2,C,LLM-initialized GA,group_c_llm,2028,8,0.9998884201049804,1.7328883409500122,5.801907539367676,2.232832431793213,True,False,True,False,-8.04,True,False
C_seed2028_final_top9,COc1ccccc1C1N(C(=O)CCC(=O)O)c2c(C)nn1c2C,C,LLM-initialized GA,group_c_llm,2028,9,0.2220848649740219,1.5877039432525637,6.0702009201049805,1.2364141941070557,False,False,True,False,-7.397,True,False
C_seed2029_final_top1,COC(=O)C(Cc1ccccc1)N(Cc1ccco1)C(=O)CCC(=O)O,C,LLM-initialized GA,group_c_llm,2029,1,0.9999423027038574,3.260448217391968,5.586365222930908,3.760419368743897,True,True,True,True,-7.448,True,True
C_seed2029_final_top2,COCCOc1ccccc1CCN(C(=O)CCC(=O)O)C(Cc1ccccc1)C(=O)OC,C,LLM-initialized GA,group_c_llm,2029,2,0.999901533126831,3.2187066078186035,6.518313407897949,3.7186574935913086,True,True,True,True,-7.292,True,True
C_seed2029_final_top3,COC(=O)C1(Cc2ccccc2)NC(=O)C2(NC(=O)NC2C(=O)O)N1C(=O)C(N)CC(=O)O,C,LLM-initialized GA,group_c_llm,2029,3,0.9999626874923706,3.1425106525421143,5.833141326904297,3.642492055892944,True,True,True,True,-8.36,True,True
C_seed2029_final_top4,COC(=O)C(Cc1ccccc1)N(CC(Cc1ccccc1)c1ccccc1)C(=O)CCC(=O)O,C,LLM-initialized GA,group_c_llm,2029,4,0.9998791217803956,2.9578330516815186,6.374777793884277,3.397772731781006,True,True,True,True,-7.82,True,True
C_seed2029_final_top5,COC(=O)C(Cc1ccccc1)NCCN1CC(c2ccccc2)CC1=O,C,LLM-initialized GA,group_c_llm,2029,5,0.975540816783905,2.8945882320404053,5.846066951751709,3.38235855102539,True,True,True,True,-7.642,True,True
C_seed2029_final_top6,COC(=O)C(Cc1ccccc1)N1CCN(C(C)=O)C1(C)c1ccccc1,C,LLM-initialized GA,group_c_llm,2029,6,0.991603672504425,2.8870091438293457,5.671026706695557,3.3828110694885254,True,True,True,True,-6.35,False,False
C_seed2029_final_top7,CCCCC(C=O)N(C(=O)CCC(=O)O)C(Cc1ccccc1)C(=O)OC,C,LLM-initialized GA,group_c_llm,2029,7,0.9999854564666748,2.814127445220948,5.066399574279785,3.314120292663574,True,True,True,True,-6.898,True,True
C_seed2029_final_top8,COC(=O)C(Cc1ccccc1)N(CCC(C)c1ccccc1)C(=O)CCC(=O)O,C,LLM-initialized GA,group_c_llm,2029,8,0.9999219179153442,2.783508062362671,6.761404514312744,3.223468961715698,True,True,True,True,-7.965,True,True
C_seed2029_final_top9,COC(=O)C1(Cc2ccccc2)NC(=O)C(CC(=O)O)N1C(=O)C(N)CC(=O)O,C,LLM-initialized GA,group_c_llm,2029,9,0.9999792575836182,2.7140145301818848,5.4763617515563965,3.2140040397644043,True,True,True,True,-7.213,True,True
C_seed2029_final_top10,COC(=O)CC(c1ccccc1)c1c(N)n(C)c(=O)n(CCc2ccc(F)cc2)c1=O,C,LLM-initialized GA,group_c_llm,2029,10,0.96060049533844,2.678948402404785,6.538397789001465,3.1592485904693604,True,True,True,True,-8.255,True,True
C_seed2030_final_top1,COC(=O)C(Cc1ccccc1)N(CCc1ccccc1)C(=O)CCC(=O)O,C,LLM-initialized GA,group_c_llm,2030,1,0.9999513626098632,3.139059543609619,5.508672714233398,3.639035224914551,True,True,True,True,-8.073,True,True
C_seed2030_final_top2,COC(=O)C12NC(=O)C3C(C(=O)O)N(C(=O)N31)C2c1ccccc1,C,LLM-initialized GA,group_c_llm,2030,2,0.9990434050559998,3.114098072052002,5.1639404296875,3.613619804382324,True,True,True,True,-7.957,True,True
C_seed2030_final_top3,COC(=O)C(Cc1ccccc1)(NC(=O)CCC(=O)O)N1CC(C=O)CC1=O,C,LLM-initialized GA,group_c_llm,2030,3,0.9999704360961914,3.0550432205200195,5.7514472007751465,3.5550284385681152,True,True,True,True,-7.369,True,True
C_seed2030_final_top4,CCCCC(C=O)N(C(=O)CCC(=O)O)C(Cc1ccccc1)C(=O)OC,C,LLM-initialized GA,group_c_llm,2030,4,0.9999831914901732,2.986061811447144,5.4668145179748535,3.486053466796875,True,True,True,True,-6.898,True,True
C_seed2030_final_top5,COC(=O)C(Cc1ccccc1)N(CCC(C)(C)C)C(=O)CCC(=O)O,C,LLM-initialized GA,group_c_llm,2030,5,0.9999327659606934,2.981829643249512,5.917802810668945,3.4817960262298584,True,True,True,True,-7.156,True,True
C_seed2030_final_top6,CCCCC(c1ccccc1)N(C(=O)CCC(=O)O)C(Cc1ccccc1)C(=O)OC,C,LLM-initialized GA,group_c_llm,2030,6,0.9999167919158936,2.966766834259033,5.663837909698486,3.406725349426269,True,True,True,True,-7.549,True,True
C_seed2030_final_top7,COC(=O)C(Cc1ccccc1)N(CC(Cc1ccccc1)c1ccccc1)C(=O)CCC(=O)O,C,LLM-initialized GA,group_c_llm,2030,7,0.9993830919265748,2.762263059616089,6.599329471588135,3.2019545459747314,True,True,True,True,-7.82,True,True
C_seed2030_final_top8,COC(=O)C1C(c2ccccc2)c2c(NC(=O)c3ccc(OC)cc3)n(C)c(=O)n1c2=O,C,LLM-initialized GA,group_c_llm,2030,8,0.9590612053871156,2.751430034637451,6.743940830230713,3.2309606075286865,True,True,True,True,-8.529,True,True
C_seed2030_final_top9,COC(=O)C1(Cc2ccccc2)NC(=O)C(CC(=O)O)N1C(=O)C(N)CC(=O)O,C,LLM-initialized GA,group_c_llm,2030,9,0.9999791383743286,2.7233006954193115,4.860604763031006,3.223290205001831,True,True,True,True,-7.213,True,True
C_seed2030_final_top10,COC(=O)CCc1ccc(OC(=O)C2CCCN2C(=O)CCC(=O)O)cc1,C,LLM-initialized GA,group_c_llm,2030,10,0.9999465942382812,2.6854569911956787,5.416647911071777,3.18543028831482,True,True,True,True,-7.245,True,True
D_seed2026_final_top1,COC(=O)C(Cc1ccccc1)CN(CCc1ccccc1)C(=O)c1ccccc1,D,Reflection-guided LLM GA,group_d_llm_iterative,2026,1,0.9993896484375,3.1589372158050537,6.1431379318237305,3.598632040023804,True,True,True,True,-7.659,True,True
D_seed2026_final_top2,COC(=O)CC(CC(=O)N1CCN2c3ccc(cc3)C12C)c1ccccc1,D,Reflection-guided LLM GA,group_d_llm_iterative,2026,2,0.2276962101459503,3.1403844356536865,5.9043498039245605,2.796389579772949,False,True,True,False,-8.208,True,False
D_seed2026_final_top3,COC(=O)C12NC(=O)C3C(C(=O)O)N(C(=O)N31)C2c1ccccc1,D,Reflection-guided LLM GA,group_d_llm_iterative,2026,3,0.9990434050559998,3.114097595214844,5.1639404296875,3.613619327545166,True,True,True,True,-7.957,True,True
D_seed2026_final_top4,COC(=O)C(Cc1ccccc1)(NC(=O)CCC(=O)O)N1CC(C=O)CC1=O,D,Reflection-guided LLM GA,group_d_llm_iterative,2026,4,0.9999704360961914,3.0550432205200195,5.751447677612305,3.5550284385681152,True,True,True,True,-7.369,True,True
D_seed2026_final_top5,COC(=O)C(Cc1ccccc1)=C(c1cccnc1)N1c2ccc(cc2)S1(=O)=O,D,Reflection-guided LLM GA,group_d_llm_iterative,2026,5,0.9988381266593932,2.9333417415618896,5.990897178649902,3.432760715484619,True,True,True,True,-7.055,True,True
D_seed2026_final_top6,COC(=O)C1(Cc2ccccc2)N(C(=O)Cc2ccccc2)n2c(=O)n1c1ccc(Cl)cc12,D,Reflection-guided LLM GA,group_d_llm_iterative,2026,6,0.9668967723846436,2.924802303314209,6.172907829284668,3.4082508087158203,True,True,True,True,-9.126,True,True
D_seed2026_final_top7,COC(=O)C1(Cc2ccccc2)NC(=O)C2C(C(=O)O)C1(C)NC(=O)N2C,D,Reflection-guided LLM GA,group_d_llm_iterative,2026,7,0.981282353401184,2.8609392642974854,6.126560211181641,3.3515803813934326,True,True,True,True,-6.794,False,False
D_seed2026_final_top8,CCCCC(C=O)c1cccnc1C(=O)N1CCC(C)CC1,D,Reflection-guided LLM GA,group_d_llm_iterative,2026,8,0.9996583461761476,2.784740686416626,6.027651786804199,3.28456974029541,True,True,True,True,-6.899,True,True
D_seed2026_final_top9,CCCCCC(=O)N(C(Cc1ccccc1)C(=O)OC)C(C)C(C)(C)C,D,Reflection-guided LLM GA,group_d_llm_iterative,2026,9,0.9988584518432616,2.7272956371307373,6.524167060852051,3.166724863052368,True,True,True,True,-7.013,True,True
D_seed2026_final_top10,CC(C)(C)OC(=O)N1CC2C3CC1C(=O)N(C3)C2c1ccccc1,D,Reflection-guided LLM GA,group_d_llm_iterative,2026,10,0.0059321485459804,2.705292224884033,6.613399505615234,2.073004007339477,False,True,True,False,-7.567,True,False
D_seed2027_final_top1,COC(=O)C1(Cc2ccccc2)C2=NCc3cccnc3N2C(=O)N1c1ccc(C#N)cc1,D,Reflection-guided LLM GA,group_d_llm_iterative,2027,1,0.6877800226211548,3.2019031047821045,6.48830509185791,3.456017017364502,False,True,True,False,-8.625,True,False
D_seed2027_final_top2,COC(=O)C1(Cc2ccccc2)CNC(=O)N1c1ccc2nc(-c3cccnc3)[nH]c2c1,D,Reflection-guided LLM GA,group_d_llm_iterative,2027,2,0.9495543241500854,3.006704568862915,6.567187309265137,3.4814817905426025,True,True,True,True,-8.27,True,True
D_seed2027_final_top3,COC(=O)C(=CC=C(C=c1c2c3ccccc3n1CNN=2)OC)Cc1ccccc1,D,Reflection-guided LLM GA,group_d_llm_iterative,2027,3,0.9950851798057556,2.98579740524292,6.184932231903076,3.48334002494812,True,True,True,True,-8.779,True,True
D_seed2027_final_top4,COC(C)=CC=CC(C)(C(N)=O)C(=NN1CN=C(C)C=C1C)Nc1ccccc1,D,Reflection-guided LLM GA,group_d_llm_iterative,2027,4,0.062644138932228,2.97245717048645,6.750151634216309,2.3538944149017333,False,True,True,False,-8.101,True,False
D_seed2027_final_top5,CC=C1C2=NNC(=O)C(CCCC)C2(C)C(=O)N(C(C)C)C1c1ccco1,D,Reflection-guided LLM GA,group_d_llm_iterative,2027,5,0.0028296918608248,2.917797565460205,6.933585166931152,2.221476020812988,False,True,True,False,-7.03,True,False
D_seed2027_final_top6,Cc1cc2c(s1)N1C(c3ccc(-n4cccc4)cc3)N(CC1(C)C)C2=O,D,Reflection-guided LLM GA,group_d_llm_iterative,2027,6,0.182627186179161,2.914658069610596,7.410090446472168,2.3541682720184327,False,True,False,False,-8.084,True,False
D_seed2027_final_top7,COC(=O)C1=C(C)N2c3ccccc3C1c1cc(C(C)(C)C)cc(C)c12,D,Reflection-guided LLM GA,group_d_llm_iterative,2027,7,0.0015215020393952,2.6957178115844727,5.884375095367432,1.907695865631104,False,True,True,False,-8.105,True,False
D_seed2027_final_top8,COC(=O)CC(c1ccccc1)c1cc(C(C)(C)C)cc2c1CCNC2,D,Reflection-guided LLM GA,group_d_llm_iterative,2027,8,0.010601389221847,2.6615021228790283,6.626524448394775,1.9752840423583984,False,True,True,False,-7.873,True,False
D_seed2027_final_top9,CNC(=O)N1CCN(C)c2c1cccc2N1C(=O)C2CCCCC2C1=O,D,Reflection-guided LLM GA,group_d_llm_iterative,2027,9,0.3835339248180389,2.5722692012786865,5.912134170532227,2.430863380432129,False,False,True,False,-8.609,True,False
D_seed2027_final_top10,CCC(C)Oc1ccc(C(CC(=O)OC)S(=O)(=O)c2ccccc2)cc1,D,Reflection-guided LLM GA,group_d_llm_iterative,2027,10,0.99313086271286,2.5456531047821045,5.821254730224609,2.982218446731568,True,False,True,False,-7.345,True,False
D_seed2028_final_top1,O=CCCC12CC3C(c4ccccc4C=O)=C1SCN1C(=O)N3CC12,D,Reflection-guided LLM GA,group_d_llm_iterative,2028,1,0.0008415032643824,3.252854585647583,6.428180694580078,2.6139485836029053,False,True,True,False,-7.341,True,False
D_seed2028_final_top2,CNC(=O)NC(C)c1cnn(-c2ccc3nc(C)sc3c2)c1,D,Reflection-guided LLM GA,group_d_llm_iterative,2028,2,0.0227055065333843,3.1427221298217773,6.571897983551025,2.5322391986846924,False,True,True,False,-7.712,True,False
D_seed2028_final_top3,CN1C(=O)N2CCC1(CCC=O)CC2Cc1cc(I)ccc1C=O,D,Reflection-guided LLM GA,group_d_llm_iterative,2028,3,0.0315666571259498,3.1175777912139893,6.876120567321777,2.5186142921447754,False,True,True,False,-7.141,True,False
D_seed2028_final_top4,CCCCC(C=O)N(C(=O)OC(C)(C)C)c1ccc(C#N)cc1,D,Reflection-guided LLM GA,group_d_llm_iterative,2028,4,0.537192702293396,3.045814514160156,5.749212741851807,3.0441650772094726,False,True,True,False,-6.53,False,False
D_seed2028_final_top5,CCNC(=O)NCSC=NN=Cc1ccc(-n2cccn2)cc1,D,Reflection-guided LLM GA,group_d_llm_iterative,2028,5,0.2956258952617645,3.04305100440979,6.531477928161621,2.7873644828796387,False,True,True,False,-7.077,True,False
D_seed2028_final_top6,CCNC(=O)N1CC(C(N)=O)(n2cccn2)C2=NN(C)C(=O)C21,D,Reflection-guided LLM GA,group_d_llm_iterative,2028,6,0.0433800444006919,3.01801872253418,6.417473793029785,2.434412956237793,False,True,True,False,-7.818,True,False
D_seed2028_final_top7,CCN1CC(C(=O)NC)(n2cccn2)CNC1=O,D,Reflection-guided LLM GA,group_d_llm_iterative,2028,7,0.8782066702842712,2.935235023498535,6.488016605377197,3.374338388442993,True,True,True,True,-6.473,False,False
D_seed2028_final_top8,CC(=NOC(=O)c1ccccc1CC=O)C(C)(C)C,D,Reflection-guided LLM GA,group_d_llm_iterative,2028,8,0.9825663566589355,2.860447645187378,6.025362491607666,3.3517308235168457,True,True,True,True,-6.758,False,False
D_seed2028_final_top9,CCC1CNC(=O)N(C(Cc2ccccc2)C(=O)OC)C1c1ccccc1OC,D,Reflection-guided LLM GA,group_d_llm_iterative,2028,9,0.9997990727424622,2.821519613265991,6.125093460083008,3.2614192390441894,True,True,True,True,-7.688,True,True
D_seed2028_final_top10,CCNC(=O)N1c2nc(cs2)-c2ccc(-n3cccn3)cc21,D,Reflection-guided LLM GA,group_d_llm_iterative,2028,10,0.2015699595212936,2.813674211502075,6.66140604019165,2.4357151985168457,False,True,True,False,-8.366,True,False
D_seed2029_final_top1,CC1NC(=O)N(C)C(=O)C1c1ccccc1C(=O)NOCc1nc2ccccc2s1,D,Reflection-guided LLM GA,group_d_llm_iterative,2029,1,0.2780424356460571,3.442322254180908,7.072064399719238,3.1637773513793945,False,True,True,False,-8.526,True,False
D_seed2029_final_top2,CCC1CC2(C=O)N3CSC2(C(C)C3=O)C1N1CCOCC1,D,Reflection-guided LLM GA,group_d_llm_iterative,2029,2,0.8236228823661804,3.1896867752075195,6.676541805267334,3.6014981269836426,True,True,True,True,-6.637,False,False
D_seed2029_final_top3,CNC(=O)NC(C)c1cnn(-c2ccc3nc(C)sc3c2)c1,D,Reflection-guided LLM GA,group_d_llm_iterative,2029,3,0.491135835647583,3.068678855895996,6.543765068054199,3.067155361175537,False,True,True,False,-7.712,True,False
D_seed2029_final_top4,CC1N2CC3N4C(=O)C(=O)N5C(=O)CCC16C31SCC(N1C2=O)C546,D,Reflection-guided LLM GA,group_d_llm_iterative,2029,4,0.8956556916236877,3.0623204708099365,6.237760066986084,3.490148286819458,True,True,True,True,-8.763,True,True
D_seed2029_final_top5,CCCCC(C=O)N(C(=O)OC(C)(C)C)c1cccc(C(=O)N(C)C)c1,D,Reflection-guided LLM GA,group_d_llm_iterative,2029,5,0.9507642388343812,3.001992702484131,6.011157035827637,3.417374792098999,True,True,True,True,-6.947,True,True
D_seed2029_final_top6,CC(C)(C)OC(=O)NC1C2(C)CCC1(C=O)N(C(=O)OC(C)(C)C)C2,D,Reflection-guided LLM GA,group_d_llm_iterative,2029,6,0.551594614982605,2.986917018890381,6.725653171539307,3.0639901161193848,False,True,True,False,-6.624,False,False
D_seed2029_final_top7,CSCNC(=O)NC(C)c1cnn(-c2ccc3nc(C)sc3c2)c1,D,Reflection-guided LLM GA,group_d_llm_iterative,2029,7,0.0189878549426794,2.9699981212615967,7.1479034423828125,2.354682207107544,False,True,True,False,-7.225,True,False
D_seed2029_final_top8,CC1(C)C(=O)Nc2c1c(F)cc1c2C23C=NN1C(=O)C2(C)CNC(=O)N3,D,Reflection-guided LLM GA,group_d_llm_iterative,2029,8,0.0029927575960755,2.903616428375244,7.160254001617432,2.2675068378448486,False,True,True,False,-9.424,True,False
D_seed2029_final_top9,CN1C(=O)N(CCC#N)C23CN4C(=O)C(C)(c5c(F)ccc2c54)C13,D,Reflection-guided LLM GA,group_d_llm_iterative,2029,9,0.0013360510347411,2.8507142066955566,7.361839294433594,2.207853078842163,False,True,False,False,-7.666,True,False
D_seed2029_final_top10,CCCCC(C=O)N(C(=O)OC(C)(C)C)c1ccc(C(=O)N(C)C)cc1,D,Reflection-guided LLM GA,group_d_llm_iterative,2029,10,0.7699643969535828,2.848151206970215,6.237033843994141,3.1491047763824462,False,True,True,False,-6.898,True,False
D_seed2030_final_top1,COC(=O)C(Cc1ccccc1)N(CCc1ccccc1)C(=O)CCC(=O)O,D,Reflection-guided LLM GA,group_d_llm_iterative,2030,1,0.9999513626098632,3.139059543609619,5.508672714233398,3.639035224914551,True,True,True,True,-8.073,True,True
D_seed2030_final_top2,COC(=O)C12NC(=O)C3C(C(=O)O)N(C(=O)N31)C2c1ccccc1,D,Reflection-guided LLM GA,group_d_llm_iterative,2030,2,0.9990434050559998,3.114098072052002,5.1639404296875,3.613619804382324,True,True,True,True,-7.957,True,True
D_seed2030_final_top3,COC(=O)C(Cc1ccccc1)(NC(=O)CCC(=O)O)N1CC(C=O)CC1=O,D,Reflection-guided LLM GA,group_d_llm_iterative,2030,3,0.9999704360961914,3.0550429821014404,5.751447677612305,3.555028200149536,True,True,True,True,-7.369,True,True
D_seed2030_final_top4,CCCCC(C=O)N(C(=O)CCC(=O)O)C(Cc1ccccc1)C(=O)OC,D,Reflection-guided LLM GA,group_d_llm_iterative,2030,4,0.9999831914901732,2.986061811447144,5.4668145179748535,3.486053466796875,True,True,True,True,-6.898,True,True
D_seed2030_final_top5,COC(=O)C(Cc1ccccc1)N(CCC(C)(C)C)C(=O)CCC(=O)O,D,Reflection-guided LLM GA,group_d_llm_iterative,2030,5,0.9999327659606934,2.9818294048309326,5.917802810668945,3.48179578781128,True,True,True,True,-7.156,True,True
D_seed2030_final_top6,CCCCC(c1ccccc1)N(C(=O)CCC(=O)O)C(Cc1ccccc1)C(=O)OC,D,Reflection-guided LLM GA,group_d_llm_iterative,2030,6,0.9999167919158936,2.966766834259033,5.663837909698486,3.406725349426269,True,True,True,True,-7.549,True,True
D_seed2030_final_top7,COC(=O)C(Cc1ccccc1)N(CC(Cc1ccccc1)c1ccccc1)C(=O)CCC(=O)O,D,Reflection-guided LLM GA,group_d_llm_iterative,2030,7,0.9993830919265748,2.762263298034668,6.599329471588135,3.2019547843933105,True,True,True,True,-7.82,True,True
D_seed2030_final_top8,COC(=O)C1C(c2ccccc2)c2c(NC(=O)c3ccc(OC)cc3)n(C)c(=O)n1c2=O,D,Reflection-guided LLM GA,group_d_llm_iterative,2030,8,0.9590612053871156,2.7514302730560303,6.743940830230713,3.2309608459472656,True,True,True,True,-8.529,True,True
D_seed2030_final_top9,COC(=O)C1(Cc2ccccc2)NC(=O)C(CC(=O)O)N1C(=O)C(N)CC(=O)O,D,Reflection-guided LLM GA,group_d_llm_iterative,2030,9,0.9999791383743286,2.7233006954193115,4.860604763031006,3.223290205001831,True,True,True,True,-7.213,True,True
D_seed2030_final_top10,COC(=O)CCc1ccc(OC(=O)C2CCCN2C(=O)CCC(=O)O)cc1,D,Reflection-guided LLM GA,group_d_llm_iterative,2030,10,0.9999465942382812,2.685457229614258,5.416647911071777,3.1854305267333984,True,True,True,True,-7.245,True,True
